ID,URL,Filename
5,https://willow-seeds.s3.us-west-2.amazonaws.com/Houses/Rustic1/Rustic1-Exterior.jpeg,Houses/Rustic1/Rustic1-Exterior.jpeg
5,https://willow-seeds.s3.us-west-2.amazonaws.com/Houses/Rustic1/Rustic1-Dining-Room.jpeg,Houses/Rustic1/Rustic1-Dining-Room.jpeg
5,https://willow-seeds.s3.us-west-2.amazonaws.com/Houses/Rustic1/Rustic1-Den.jpeg,Houses/Rustic1/Rustic1-Den.jpeg
5,https://willow-seeds.s3.us-west-2.amazonaws.com/Houses/Rustic1/Rustic1-Cabinet.jpeg,Houses/Rustic1/Rustic1-Cabinet.jpeg
6,https://willow-seeds.s3.us-west-2.amazonaws.com/Houses/Rustic2/Rustic2-Exterior.jpeg,Houses/Rustic2/Rustic2-Exterior.jpeg
6,https://willow-seeds.s3.us-west-2.amazonaws.com/Houses/Rustic2/Rustic2-Kitchen.jpeg,Houses/Rustic2/Rustic2-Kitchen.jpeg
6,https://willow-seeds.s3.us-west-2.amazonaws.com/Houses/Rustic2/Rustic2-Bedroom.jpeg,Houses/Rustic2/Rustic2-Bedroom.jpeg
6,https://willow-seeds.s3.us-west-2.amazonaws.com/Houses/Rustic2/Rustic2-Den.jpeg,Houses/Rustic2/Rustic2-Den.jpeg
7,https://willow-seeds.s3.us-west-2.amazonaws.com/Houses/Seaside/Seaside-Exterior.webp,Houses/Seaside/Seaside-Exterior.webp
7,https://willow-seeds.s3.us-west-2.amazonaws.com/Houses/Seaside/Seaside-Living-Room.jpeg,Houses/Seaside/Seaside-Living-Room.jpeg
7,https://willow-seeds.s3.us-west-2.amazonaws.com/Houses/Seaside/Seaside-Bedroom.jpeg,Houses/Seaside/Seaside-Bedroom.jpeg
7,https://willow-seeds.s3.us-west-2.amazonaws.com/Houses/Seaside/Seaside-Sink.jpeg,Houses/Seaside/Seaside-Sink.jpeg
7,https://willow-seeds.s3.us-west-2.amazonaws.com/Houses/Seaside/Seaside-Sink2.jpeg,Houses/Seaside/Seaside-Sink2.jpeg
8,https://willow-seeds.s3.us-west-2.amazonaws.com/Houses/Treehouse/TreeHouse-Exterior.jpeg,Houses/Treehouse/TreeHouse-Exterior.jpeg
8,https://willow-seeds.s3.us-west-2.amazonaws.com/Houses/Treehouse/TreeHouse-Living-Room.jpeg,Houses/Treehouse/TreeHouse-Living-Room.jpeg
8,https://willow-seeds.s3.us-west-2.amazonaws.com/Houses/Treehouse/TreeHouse-Bedroom.jpeg,Houses/Treehouse/TreeHouse-Bedroom.jpeg
8,https://willow-seeds.s3.us-west-2.amazonaws.com/Houses/Treehouse/TreeHouse-Alchemy.jpeg,Houses/Treehouse/TreeHouse-Alchemy.jpeg